anomaly_rank,timestamp,hunt_id,source_file,event_category,rule_id,event_id_raw,agent,computer,user,rule_level,anomaly_score,is_anomaly,analyst_priority
1,2026-09-30T01:50:37.815+0000,HUNT-002,hunting/evidence/HUNT-002/HUNT-002-success-4624.json,authentication_success,67022,4624.0,SOC-WIN10,WIN10-01.SOC-LAB.LOCAL,nam.user,3,0.04344404292349069,1,MEDIUM
2,2026-09-30T04:53:24.407+0000,HUNT-004,hunting/evidence/HUNT-004/HUNT-004-sysmon-event13.json,registry_persistence,100501,13.0,SOC-WIN10,WIN10-01.SOC-LAB.LOCAL,SOC-LAB\\nam.user,7,0.013552633447517448,1,MEDIUM
3,2026-09-30T04:53:24.407+0000,HUNT-004,hunting/evidence/HUNT-004/HUNT-004-rule-100501.json,registry_persistence,100501,13.0,SOC-WIN10,WIN10-01.SOC-LAB.LOCAL,SOC-LAB\\nam.user,7,-0.0033881583618793343,0,NORMAL
4,2026-09-30T01:01:29.684+0000,HUNT-001,hunting/evidence/HUNT-001/HUNT-001-rule-100504.json,detection_alert,100504,,SOC-WIN10,,,8,-0.010139307481932813,0,NORMAL
5,2026-09-30T04:27:00.449+0000,HUNT-003,hunting/evidence/HUNT-003/HUNT-003-sysmon-winrm-cmd.json,winrm_remote_execution,100502,1.0,SOC-WIN10,WIN10-01.SOC-LAB.LOCAL,SOC-LAB\\nam.user,8,-0.030491999858577645,0,NORMAL
6,2026-09-30T01:00:14.724+0000,HUNT-001,hunting/evidence/HUNT-001/HUNT-001-rule-92057.json,powershell_execution,92057,1.0,SOC-WIN10,WIN10-01.SOC-LAB.LOCAL,WIN10-01\\localadmin,12,-0.03652699231912354,0,NORMAL
7,2026-09-30T01:55:25.592+0000,HUNT-002,hunting/evidence/HUNT-002/HUNT-002-rule-100503.json,authentication_failure,100503,4625.0,SOC-WIN10,WIN10-01.SOC-LAB.LOCAL,hunt002-test,10,-0.04312684203315931,0,NORMAL
8,2026-09-30T01:55:22.101+0000,HUNT-002,hunting/evidence/HUNT-002/HUNT-002-rule-60122.json,authentication_failure,60122,4625.0,SOC-WIN10,WIN10-01.SOC-LAB.LOCAL,hunt002-test,5,-0.051453285658986436,0,NORMAL
9,2026-09-30T04:27:00.449+0000,HUNT-003,hunting/evidence/HUNT-003/HUNT-003-rule-100502.json,winrm_remote_execution,100502,1.0,SOC-WIN10,WIN10-01.SOC-LAB.LOCAL,SOC-LAB\\nam.user,8,-0.05453565246241049,0,NORMAL
10,2026-09-30T00:50:18.094+0000,HUNT-001,hunting/evidence/HUNT-001/HUNT-001-rule-92027.json,powershell_execution,92027,1.0,SOC-WIN10,WIN10-01.SOC-LAB.LOCAL,WIN10-01\\localadmin,4,-0.06177176372898152,0,NORMAL
