timestamp,hunt_id,source_file,event_category,rule_id,event_id_raw,agent,computer,user,rule_level,event_id_numeric,logon_type_numeric,hour,day_of_week,is_wazuh_alert,is_raw_telemetry,is_auth_success,is_auth_failure,is_powershell_execution,is_winrm_execution,is_registry_persistence,is_detection_alert,has_encoded_command,has_powershell,has_cmd,has_whoami,has_registry_run_key,has_winrm,has_source_ip,has_destination_ip,has_user,has_target_user,has_command_line,has_parent_process,has_registry_target,has_status,mitre_id_count,mitre_tactic_count,mitre_technique_count,command_line_length,description_length,details_length,process_id_numeric,parent_process_id_numeric,source_port_numeric,destination_port_numeric
2026-09-30T00:50:18.094+0000,HUNT-001,hunting/evidence/HUNT-001/HUNT-001-rule-92027.json,powershell_execution,92027,1,SOC-WIN10,WIN10-01.SOC-LAB.LOCAL,WIN10-01\\localadmin,4,1,0,0,2,1,0,0,0,1,0,0,0,0,1,0,0,0,0,0,0,1,0,1,1,0,0,1,1,1,127,46,0,3296,1856,0,0
2026-09-30T01:00:14.724+0000,HUNT-001,hunting/evidence/HUNT-001/HUNT-001-rule-92057.json,powershell_execution,92057,1,SOC-WIN10,WIN10-01.SOC-LAB.LOCAL,WIN10-01\\localadmin,12,1,0,1,2,1,0,0,0,1,0,0,0,1,1,0,0,0,0,0,0,1,0,1,1,0,0,1,1,1,206,83,0,5576,1856,0,0
2026-09-30T01:01:29.684+0000,HUNT-001,hunting/evidence/HUNT-001/HUNT-001-rule-100504.json,detection_alert,100504,,SOC-WIN10,,,8,0,0,1,2,1,0,0,0,0,0,0,1,1,1,0,0,0,0,0,0,0,0,0,0,0,0,1,1,1,0,202,0,0,0,0,0
2026-09-30T01:50:37.815+0000,HUNT-002,hunting/evidence/HUNT-002/HUNT-002-success-4624.json,authentication_success,67022,4624,SOC-WIN10,WIN10-01.SOC-LAB.LOCAL,nam.user,3,4624,7,1,2,0,1,1,0,0,0,0,0,0,0,0,0,0,0,0,0,1,1,0,0,0,0,0,0,0,0,35,0,692,0,0,0
2026-09-30T01:55:22.101+0000,HUNT-002,hunting/evidence/HUNT-002/HUNT-002-rule-60122.json,authentication_failure,60122,4625,SOC-WIN10,WIN10-01.SOC-LAB.LOCAL,hunt002-test,5,4625,3,1,2,1,0,0,1,0,0,0,0,0,0,0,0,0,0,1,0,1,1,0,0,0,1,1,1,1,0,44,0,0,0,64075,0
2026-09-30T01:55:25.592+0000,HUNT-002,hunting/evidence/HUNT-002/HUNT-002-rule-100503.json,authentication_failure,100503,4625,SOC-WIN10,WIN10-01.SOC-LAB.LOCAL,hunt002-test,10,4625,3,1,2,1,0,0,1,0,0,0,0,0,0,0,0,0,0,1,0,1,1,0,0,0,1,1,1,1,0,73,0,0,0,64077,0
2026-09-30T04:27:00.449+0000,HUNT-003,hunting/evidence/HUNT-003/HUNT-003-rule-100502.json,winrm_remote_execution,100502,1,SOC-WIN10,WIN10-01.SOC-LAB.LOCAL,SOC-LAB\\nam.user,8,1,0,4,2,1,0,0,0,0,1,0,0,0,0,1,1,0,1,0,0,1,0,1,1,0,0,1,1,1,94,116,0,480,3868,0,0
2026-09-30T04:27:00.449+0000,HUNT-003,hunting/evidence/HUNT-003/HUNT-003-sysmon-winrm-cmd.json,winrm_remote_execution,100502,1,SOC-WIN10,WIN10-01.SOC-LAB.LOCAL,SOC-LAB\\nam.user,8,1,0,4,2,0,1,0,0,0,1,0,0,0,0,1,1,0,1,0,0,1,0,1,1,0,0,1,1,1,94,116,0,480,3868,0,0
2026-09-30T04:53:24.407+0000,HUNT-004,hunting/evidence/HUNT-004/HUNT-004-rule-100501.json,registry_persistence,100501,13,SOC-WIN10,WIN10-01.SOC-LAB.LOCAL,SOC-LAB\\nam.user,7,13,0,4,2,1,0,0,0,0,0,1,0,0,1,1,0,1,0,0,0,1,0,0,0,1,0,2,3,2,0,179,76,872,0,0,0
2026-09-30T04:53:24.407+0000,HUNT-004,hunting/evidence/HUNT-004/HUNT-004-sysmon-event13.json,registry_persistence,100501,13,SOC-WIN10,WIN10-01.SOC-LAB.LOCAL,SOC-LAB\\nam.user,7,13,0,4,2,0,1,0,0,0,0,1,0,0,1,1,0,1,0,0,0,1,0,0,0,1,0,2,3,2,0,179,76,872,0,0,0
